{
    "$schema": "https://schema.management.azure.com/schemas/2019-04-01/deploymentTemplate.json#",
    "contentVersion": "1.0.0.0",
    "parameters": {},
    "variables": {},
    "resources": [
        {
            "type": "Microsoft.Network/ApplicationGatewayWebApplicationFirewallPolicies",
            "apiVersion": "2024-07-01",
            "name": "policy_waf",
            "location": "centralindia",
            "properties": {
                "customRules": [],
                "policySettings": {
                    "requestBodyCheck": true,
                    "maxRequestBodySizeInKb": 128,
                    "fileUploadLimitInMb": 100,
                    "state": "Enabled",
                    "mode": "Detection",
                    "requestBodyInspectLimitInKB": 128,
                    "fileUploadEnforcement": true,
                    "requestBodyEnforcement": true
                },
                "managedRules": {
                    "managedRuleSets": [
                        {
                            "ruleSetType": "OWASP",
                            "ruleSetVersion": "3.2",
                            "ruleGroupOverrides": []
                        },
                        {
                            "ruleSetType": "Microsoft_BotManagerRuleSet",
                            "ruleSetVersion": "0.1",
                            "ruleGroupOverrides": []
                        }
                    ],
                    "exclusions": []
                }
            }
        },
        {
            "type": "Microsoft.Network/networkSecurityGroups",
            "apiVersion": "2024-07-01",
            "name": "vm-nsg",
            "location": "centralindia",
            "properties": {
                "securityRules": [
                    {
                        "name": "default-allow-rdp",
                        "id": "[resourceId('Microsoft.Network/networkSecurityGroups/securityRules', 'vm-nsg', 'default-allow-rdp')]",
                        "type": "Microsoft.Network/networkSecurityGroups/securityRules",
                        "properties": {
                            "protocol": "TCP",
                            "sourcePortRange": "*",
                            "destinationPortRange": "3389",
                            "sourceAddressPrefix": "*",
                            "destinationAddressPrefix": "*",
                            "access": "Allow",
                            "priority": 1000,
                            "direction": "Inbound",
                            "sourcePortRanges": [],
                            "destinationPortRanges": [],
                            "sourceAddressPrefixes": [],
                            "destinationAddressPrefixes": []
                        }
                    },
                    {
                        "name": "AllowAnyHTTPInbound",
                        "id": "[resourceId('Microsoft.Network/networkSecurityGroups/securityRules', 'vm-nsg', 'AllowAnyHTTPInbound')]",
                        "type": "Microsoft.Network/networkSecurityGroups/securityRules",
                        "properties": {
                            "protocol": "TCP",
                            "sourcePortRange": "*",
                            "destinationPortRange": "80",
                            "sourceAddressPrefix": "*",
                            "destinationAddressPrefix": "*",
                            "access": "Allow",
                            "priority": 1010,
                            "direction": "Inbound",
                            "sourcePortRanges": [],
                            "destinationPortRanges": [],
                            "sourceAddressPrefixes": [],
                            "destinationAddressPrefixes": []
                        }
                    },
                    {
                        "name": "AllowAnyHTTPSInbound",
                        "id": "[resourceId('Microsoft.Network/networkSecurityGroups/securityRules', 'vm-nsg', 'AllowAnyHTTPSInbound')]",
                        "type": "Microsoft.Network/networkSecurityGroups/securityRules",
                        "properties": {
                            "protocol": "TCP",
                            "sourcePortRange": "*",
                            "destinationPortRange": "443",
                            "sourceAddressPrefix": "*",
                            "destinationAddressPrefix": "*",
                            "access": "Allow",
                            "priority": 1020,
                            "direction": "Inbound",
                            "sourcePortRanges": [],
                            "destinationPortRanges": [],
                            "sourceAddressPrefixes": [],
                            "destinationAddressPrefixes": []
                        }
                    }
                ]
            }
        },
        {
            "type": "Microsoft.Network/publicIPAddresses",
            "apiVersion": "2024-07-01",
            "name": "pip-gateway-waf-1",
            "location": "centralindia",
            "sku": {
                "name": "Standard",
                "tier": "Regional"
            },
            "zones": [
                "1",
                "2",
                "3"
            ],
            "properties": {
                "ipAddress": "4.187.205.24",
                "publicIPAddressVersion": "IPv4",
                "publicIPAllocationMethod": "Static",
                "idleTimeoutInMinutes": 4,
                "ipTags": []
            }
        },
        {
            "type": "Microsoft.Network/publicIPAddresses",
            "apiVersion": "2024-07-01",
            "name": "VM001-1-ip",
            "location": "centralindia",
            "sku": {
                "name": "Standard",
                "tier": "Regional"
            },
            "properties": {
                "ipAddress": "4.213.116.205",
                "publicIPAddressVersion": "IPv4",
                "publicIPAllocationMethod": "Static",
                "idleTimeoutInMinutes": 4,
                "ipTags": []
            }
        },
        {
            "type": "Microsoft.Network/publicIPAddresses",
            "apiVersion": "2024-07-01",
            "name": "vm002-ip",
            "location": "centralindia",
            "sku": {
                "name": "Standard",
                "tier": "Regional"
            },
            "properties": {
                "ipAddress": "20.204.155.96",
                "publicIPAddressVersion": "IPv4",
                "publicIPAllocationMethod": "Static",
                "idleTimeoutInMinutes": 4,
                "ipTags": []
            }
        },
        {
            "type": "Microsoft.Compute/virtualMachines",
            "apiVersion": "2024-11-01",
            "name": "VM001-1",
            "location": "centralindia",
            "dependsOn": [
                "[resourceId('Microsoft.Network/networkInterfaces', 'vm001-128')]"
            ],
            "properties": {
                "hardwareProfile": {
                    "vmSize": "Standard_D2s_v3"
                },
                "additionalCapabilities": {
                    "hibernationEnabled": false
                },
                "storageProfile": {
                    "imageReference": {
                        "publisher": "MicrosoftWindowsServer",
                        "offer": "WindowsServer",
                        "sku": "2019-datacenter-gensecond",
                        "version": "latest"
                    },
                    "osDisk": {
                        "osType": "Windows",
                        "name": "VM001-1_disk1_778759fe372a4020b14a2cdbaea37f15",
                        "createOption": "FromImage",
                        "caching": "ReadWrite",
                        "managedDisk": {
                            "storageAccountType": "Premium_LRS",
                            "id": "[resourceId('Microsoft.Compute/disks', 'VM001-1_disk1_778759fe372a4020b14a2cdbaea37f15')]"
                        },
                        "deleteOption": "Delete",
                        "diskSizeGB": 127
                    },
                    "dataDisks": [],
                    "diskControllerType": "SCSI"
                },
                "osProfile": {
                    "computerName": "VM001-1",
                    "adminUsername": "cloud_user",
                    "windowsConfiguration": {
                        "provisionVMAgent": true,
                        "enableAutomaticUpdates": true,
                        "patchSettings": {
                            "patchMode": "AutomaticByOS",
                            "assessmentMode": "ImageDefault",
                            "enableHotpatching": false
                        }
                    },
                    "secrets": [],
                    "allowExtensionOperations": true,
                    "requireGuestProvisionSignal": true
                },
                "securityProfile": {
                    "uefiSettings": {
                        "secureBootEnabled": true,
                        "vTpmEnabled": true
                    },
                    "securityType": "TrustedLaunch"
                },
                "networkProfile": {
                    "networkInterfaces": [
                        {
                            "id": "[resourceId('Microsoft.Network/networkInterfaces', 'vm001-128')]",
                            "properties": {
                                "deleteOption": "Detach"
                            }
                        }
                    ]
                },
                "diagnosticsProfile": {
                    "bootDiagnostics": {
                        "enabled": true
                    }
                }
            }
        },
        {
            "type": "Microsoft.Compute/virtualMachines",
            "apiVersion": "2024-11-01",
            "name": "vm002",
            "location": "centralindia",
            "dependsOn": [
                "[resourceId('Microsoft.Network/networkInterfaces', 'vm002363')]"
            ],
            "properties": {
                "hardwareProfile": {
                    "vmSize": "Standard_D2s_v3"
                },
                "additionalCapabilities": {
                    "hibernationEnabled": false
                },
                "storageProfile": {
                    "imageReference": {
                        "publisher": "MicrosoftWindowsServer",
                        "offer": "WindowsServer",
                        "sku": "2019-datacenter-gensecond",
                        "version": "latest"
                    },
                    "osDisk": {
                        "osType": "Windows",
                        "name": "vm002_disk1_b8a29ab5b96a4e068b76af071ab6376d",
                        "createOption": "FromImage",
                        "caching": "ReadWrite",
                        "managedDisk": {
                            "storageAccountType": "Premium_LRS",
                            "id": "[resourceId('Microsoft.Compute/disks', 'vm002_disk1_b8a29ab5b96a4e068b76af071ab6376d')]"
                        },
                        "deleteOption": "Delete",
                        "diskSizeGB": 127
                    },
                    "dataDisks": [],
                    "diskControllerType": "SCSI"
                },
                "osProfile": {
                    "computerName": "vm002",
                    "adminUsername": "cloud_user",
                    "windowsConfiguration": {
                        "provisionVMAgent": true,
                        "enableAutomaticUpdates": true,
                        "patchSettings": {
                            "patchMode": "AutomaticByOS",
                            "assessmentMode": "ImageDefault",
                            "enableHotpatching": false
                        }
                    },
                    "secrets": [],
                    "allowExtensionOperations": true,
                    "requireGuestProvisionSignal": true
                },
                "securityProfile": {
                    "uefiSettings": {
                        "secureBootEnabled": true,
                        "vTpmEnabled": true
                    },
                    "securityType": "TrustedLaunch"
                },
                "networkProfile": {
                    "networkInterfaces": [
                        {
                            "id": "[resourceId('Microsoft.Network/networkInterfaces', 'vm002363')]",
                            "properties": {
                                "deleteOption": "Detach"
                            }
                        }
                    ]
                },
                "diagnosticsProfile": {
                    "bootDiagnostics": {
                        "enabled": true
                    }
                }
            }
        },
        {
            "type": "Microsoft.Network/networkSecurityGroups/securityRules",
            "apiVersion": "2024-07-01",
            "name": "vm-nsg/AllowAnyHTTPInbound",
            "dependsOn": [
                "[resourceId('Microsoft.Network/networkSecurityGroups', 'vm-nsg')]"
            ],
            "properties": {
                "protocol": "TCP",
                "sourcePortRange": "*",
                "destinationPortRange": "80",
                "sourceAddressPrefix": "*",
                "destinationAddressPrefix": "*",
                "access": "Allow",
                "priority": 1010,
                "direction": "Inbound",
                "sourcePortRanges": [],
                "destinationPortRanges": [],
                "sourceAddressPrefixes": [],
                "destinationAddressPrefixes": []
            }
        },
        {
            "type": "Microsoft.Network/networkSecurityGroups/securityRules",
            "apiVersion": "2024-07-01",
            "name": "vm-nsg/AllowAnyHTTPSInbound",
            "dependsOn": [
                "[resourceId('Microsoft.Network/networkSecurityGroups', 'vm-nsg')]"
            ],
            "properties": {
                "protocol": "TCP",
                "sourcePortRange": "*",
                "destinationPortRange": "443",
                "sourceAddressPrefix": "*",
                "destinationAddressPrefix": "*",
                "access": "Allow",
                "priority": 1020,
                "direction": "Inbound",
                "sourcePortRanges": [],
                "destinationPortRanges": [],
                "sourceAddressPrefixes": [],
                "destinationAddressPrefixes": []
            }
        },
        {
            "type": "Microsoft.Network/networkSecurityGroups/securityRules",
            "apiVersion": "2024-07-01",
            "name": "vm-nsg/default-allow-rdp",
            "dependsOn": [
                "[resourceId('Microsoft.Network/networkSecurityGroups', 'vm-nsg')]"
            ],
            "properties": {
                "protocol": "TCP",
                "sourcePortRange": "*",
                "destinationPortRange": "3389",
                "sourceAddressPrefix": "*",
                "destinationAddressPrefix": "*",
                "access": "Allow",
                "priority": 1000,
                "direction": "Inbound",
                "sourcePortRanges": [],
                "destinationPortRanges": [],
                "sourceAddressPrefixes": [],
                "destinationAddressPrefixes": []
            }
        },
        {
            "type": "Microsoft.Network/virtualNetworks",
            "apiVersion": "2024-07-01",
            "name": "vnet-01",
            "location": "centralindia",
            "dependsOn": [
                "[resourceId('Microsoft.Network/applicationGateways', 'app-gateway')]"
            ],
            "properties": {
                "addressSpace": {
                    "addressPrefixes": [
                        "10.0.0.0/16"
                    ]
                },
                "privateEndpointVNetPolicies": "Disabled",
                "subnets": [
                    {
                        "name": "vm_subet",
                        "id": "[resourceId('Microsoft.Network/virtualNetworks/subnets', 'vnet-01', 'vm_subet')]",
                        "properties": {
                            "addressPrefix": "10.0.1.0/24",
                            "delegations": [],
                            "privateEndpointNetworkPolicies": "Disabled",
                            "privateLinkServiceNetworkPolicies": "Enabled"
                        },
                        "type": "Microsoft.Network/virtualNetworks/subnets"
                    },
                    {
                        "name": "APG-WAF-subnet",
                        "id": "[resourceId('Microsoft.Network/virtualNetworks/subnets', 'vnet-01', 'APG-WAF-subnet')]",
                        "properties": {
                            "addressPrefix": "10.0.0.224/27",
                            "applicationGatewayIPConfigurations": [
                                {
                                    "id": "[concat(resourceId('Microsoft.Network/applicationGateways', 'app-gateway'), '/gatewayIPConfigurations/appGatewayIpConfig')]"
                                }
                            ],
                            "delegations": [],
                            "privateEndpointNetworkPolicies": "Disabled",
                            "privateLinkServiceNetworkPolicies": "Enabled"
                        },
                        "type": "Microsoft.Network/virtualNetworks/subnets"
                    }
                ],
                "virtualNetworkPeerings": [],
                "enableDdosProtection": false
            }
        },
        {
            "type": "Microsoft.Network/virtualNetworks/subnets",
            "apiVersion": "2024-07-01",
            "name": "vnet-01/vm_subet",
            "dependsOn": [
                "[resourceId('Microsoft.Network/virtualNetworks', 'vnet-01')]"
            ],
            "properties": {
                "addressPrefix": "10.0.1.0/24",
                "delegations": [],
                "privateEndpointNetworkPolicies": "Disabled",
                "privateLinkServiceNetworkPolicies": "Enabled"
            }
        },
        {
            "type": "Microsoft.Network/virtualNetworks/subnets",
            "apiVersion": "2024-07-01",
            "name": "vnet-01/APG-WAF-subnet",
            "dependsOn": [
                "[resourceId('Microsoft.Network/virtualNetworks', 'vnet-01')]",
                "[resourceId('Microsoft.Network/applicationGateways', 'app-gateway')]"
            ],
            "properties": {
                "addressPrefix": "10.0.0.224/27",
                "applicationGatewayIPConfigurations": [
                    {
                        "id": "[concat(resourceId('Microsoft.Network/applicationGateways', 'app-gateway'), '/gatewayIPConfigurations/appGatewayIpConfig')]"
                    }
                ],
                "delegations": [],
                "privateEndpointNetworkPolicies": "Disabled",
                "privateLinkServiceNetworkPolicies": "Enabled"
            }
        },
        {
            "type": "Microsoft.Network/applicationGateways",
            "apiVersion": "2024-07-01",
            "name": "app-gateway",
            "location": "centralindia",
            "dependsOn": [
                "[resourceId('Microsoft.Network/virtualNetworks/subnets', 'vnet-01', 'APG-WAF-subnet')]",
                "[resourceId('Microsoft.Network/publicIPAddresses', 'pip-gateway-waf-1')]",
                "[resourceId('Microsoft.Network/ApplicationGatewayWebApplicationFirewallPolicies', 'policy_waf')]"
            ],
            "tags": {
                "tag-waf": "tag-waf"
            },
            "zones": [
                "1",
                "2",
                "3"
            ],
            "properties": {
                "sku": {
                    "name": "WAF_v2",
                    "tier": "WAF_v2",
                    "family": "Generation_1",
                    "capacity": 2
                },
                "gatewayIPConfigurations": [
                    {
                        "name": "appGatewayIpConfig",
                        "id": "[concat(resourceId('Microsoft.Network/applicationGateways', 'app-gateway'), '/gatewayIPConfigurations/appGatewayIpConfig')]",
                        "properties": {
                            "subnet": {
                                "id": "[resourceId('Microsoft.Network/virtualNetworks/subnets', 'vnet-01', 'APG-WAF-subnet')]"
                            }
                        }
                    }
                ],
                "sslCertificates": [],
                "trustedRootCertificates": [],
                "trustedClientCertificates": [],
                "sslProfiles": [],
                "frontendIPConfigurations": [
                    {
                        "name": "appGwPublicFrontendIpIPv4",
                        "id": "[concat(resourceId('Microsoft.Network/applicationGateways', 'app-gateway'), '/frontendIPConfigurations/appGwPublicFrontendIpIPv4')]",
                        "properties": {
                            "privateIPAllocationMethod": "Dynamic",
                            "publicIPAddress": {
                                "id": "[resourceId('Microsoft.Network/publicIPAddresses', 'pip-gateway-waf-1')]"
                            }
                        }
                    }
                ],
                "frontendPorts": [
                    {
                        "name": "port_80",
                        "id": "[concat(resourceId('Microsoft.Network/applicationGateways', 'app-gateway'), '/frontendPorts/port_80')]",
                        "properties": {
                            "port": 80
                        }
                    }
                ],
                "backendAddressPools": [
                    {
                        "name": "backend_pool_1",
                        "id": "[concat(resourceId('Microsoft.Network/applicationGateways', 'app-gateway'), '/backendAddressPools/backend_pool_1')]",
                        "properties": {
                            "backendAddresses": []
                        }
                    }
                ],
                "loadDistributionPolicies": [],
                "backendHttpSettingsCollection": [
                    {
                        "name": "settings_http",
                        "id": "[concat(resourceId('Microsoft.Network/applicationGateways', 'app-gateway'), '/backendHttpSettingsCollection/settings_http')]",
                        "properties": {
                            "port": 80,
                            "protocol": "Http",
                            "cookieBasedAffinity": "Disabled",
                            "connectionDraining": {
                                "enabled": true,
                                "drainTimeoutInSec": 3600
                            },
                            "pickHostNameFromBackendAddress": false,
                            "requestTimeout": 20
                        }
                    }
                ],
                "backendSettingsCollection": [],
                "httpListeners": [
                    {
                        "name": "listener1",
                        "id": "[concat(resourceId('Microsoft.Network/applicationGateways', 'app-gateway'), '/httpListeners/listener1')]",
                        "properties": {
                            "frontendIPConfiguration": {
                                "id": "[concat(resourceId('Microsoft.Network/applicationGateways', 'app-gateway'), '/frontendIPConfigurations/appGwPublicFrontendIpIPv4')]"
                            },
                            "frontendPort": {
                                "id": "[concat(resourceId('Microsoft.Network/applicationGateways', 'app-gateway'), '/frontendPorts/port_80')]"
                            },
                            "protocol": "Http",
                            "hostNames": [],
                            "requireServerNameIndication": false,
                            "customErrorConfigurations": []
                        }
                    }
                ],
                "listeners": [],
                "urlPathMaps": [],
                "requestRoutingRules": [
                    {
                        "name": "rule",
                        "id": "[concat(resourceId('Microsoft.Network/applicationGateways', 'app-gateway'), '/requestRoutingRules/rule')]",
                        "properties": {
                            "ruleType": "Basic",
                            "priority": 100,
                            "httpListener": {
                                "id": "[concat(resourceId('Microsoft.Network/applicationGateways', 'app-gateway'), '/httpListeners/listener1')]"
                            },
                            "backendAddressPool": {
                                "id": "[concat(resourceId('Microsoft.Network/applicationGateways', 'app-gateway'), '/backendAddressPools/backend_pool_1')]"
                            },
                            "backendHttpSettings": {
                                "id": "[concat(resourceId('Microsoft.Network/applicationGateways', 'app-gateway'), '/backendHttpSettingsCollection/settings_http')]"
                            }
                        }
                    }
                ],
                "routingRules": [],
                "probes": [],
                "rewriteRuleSets": [],
                "redirectConfigurations": [],
                "privateLinkConfigurations": [],
                "enableHttp2": false,
                "firewallPolicy": {
                    "id": "[resourceId('Microsoft.Network/ApplicationGatewayWebApplicationFirewallPolicies', 'policy_waf')]"
                }
            }
        },
        {
            "type": "Microsoft.Network/networkInterfaces",
            "apiVersion": "2024-07-01",
            "name": "vm001-128",
            "location": "centralindia",
            "dependsOn": [
                "[resourceId('Microsoft.Network/publicIPAddresses', 'VM001-1-ip')]",
                "[resourceId('Microsoft.Network/virtualNetworks/subnets', 'vnet-01', 'vm_subet')]",
                "[resourceId('Microsoft.Network/applicationGateways', 'app-gateway')]",
                "[resourceId('Microsoft.Network/networkSecurityGroups', 'vm-nsg')]"
            ],
            "kind": "Regular",
            "properties": {
                "ipConfigurations": [
                    {
                        "name": "ipconfig1",
                        "id": "[concat(resourceId('Microsoft.Network/networkInterfaces', 'vm001-128'), '/ipConfigurations/ipconfig1')]",
                        "type": "Microsoft.Network/networkInterfaces/ipConfigurations",
                        "properties": {
                            "privateIPAddress": "10.0.1.4",
                            "privateIPAllocationMethod": "Dynamic",
                            "publicIPAddress": {
                                "id": "[resourceId('Microsoft.Network/publicIPAddresses', 'VM001-1-ip')]"
                            },
                            "subnet": {
                                "id": "[resourceId('Microsoft.Network/virtualNetworks/subnets', 'vnet-01', 'vm_subet')]"
                            },
                            "primary": true,
                            "privateIPAddressVersion": "IPv4",
                            "applicationGatewayBackendAddressPools": [
                                {
                                    "id": "[concat(resourceId('Microsoft.Network/applicationGateways', 'app-gateway'), '/backendAddressPools/backend_pool_1')]"
                                }
                            ]
                        }
                    }
                ],
                "dnsSettings": {
                    "dnsServers": []
                },
                "enableAcceleratedNetworking": true,
                "enableIPForwarding": false,
                "disableTcpStateTracking": false,
                "networkSecurityGroup": {
                    "id": "[resourceId('Microsoft.Network/networkSecurityGroups', 'vm-nsg')]"
                },
                "nicType": "Standard",
                "auxiliaryMode": "None",
                "auxiliarySku": "None"
            }
        },
        {
            "type": "Microsoft.Network/networkInterfaces",
            "apiVersion": "2024-07-01",
            "name": "vm002363",
            "location": "centralindia",
            "dependsOn": [
                "[resourceId('Microsoft.Network/publicIPAddresses', 'vm002-ip')]",
                "[resourceId('Microsoft.Network/virtualNetworks/subnets', 'vnet-01', 'vm_subet')]",
                "[resourceId('Microsoft.Network/applicationGateways', 'app-gateway')]",
                "[resourceId('Microsoft.Network/networkSecurityGroups', 'vm-nsg')]"
            ],
            "kind": "Regular",
            "properties": {
                "ipConfigurations": [
                    {
                        "name": "ipconfig1",
                        "id": "[concat(resourceId('Microsoft.Network/networkInterfaces', 'vm002363'), '/ipConfigurations/ipconfig1')]",
                        "type": "Microsoft.Network/networkInterfaces/ipConfigurations",
                        "properties": {
                            "privateIPAddress": "10.0.1.5",
                            "privateIPAllocationMethod": "Dynamic",
                            "publicIPAddress": {
                                "id": "[resourceId('Microsoft.Network/publicIPAddresses', 'vm002-ip')]"
                            },
                            "subnet": {
                                "id": "[resourceId('Microsoft.Network/virtualNetworks/subnets', 'vnet-01', 'vm_subet')]"
                            },
                            "primary": true,
                            "privateIPAddressVersion": "IPv4",
                            "applicationGatewayBackendAddressPools": [
                                {
                                    "id": "[concat(resourceId('Microsoft.Network/applicationGateways', 'app-gateway'), '/backendAddressPools/backend_pool_1')]"
                                }
                            ]
                        }
                    }
                ],
                "dnsSettings": {
                    "dnsServers": []
                },
                "enableAcceleratedNetworking": true,
                "enableIPForwarding": false,
                "disableTcpStateTracking": false,
                "networkSecurityGroup": {
                    "id": "[resourceId('Microsoft.Network/networkSecurityGroups', 'vm-nsg')]"
                },
                "nicType": "Standard",
                "auxiliaryMode": "None",
                "auxiliarySku": "None"
            }
        }
    ]
}